<?xml version="1.0" encoding="utf-8"?>
<odoo>
    <record id="ir_cron_category_sequence" model="ir.cron">
        <field name="name">Sequence for Category</field>
        <field name="interval_number">1</field>
        <field name="interval_type">days</field>
        <field name="numbercall">-1</field>
        <field name="doall" eval="False"/>
        <field name="model_id" ref="model_product_category"/>
        <field name="code">model._category_sequence_create()</field>
        <field name="state">code</field>
    </record>
</odoo>
