<?xml version="1.0" encoding="utf-8"?>
<odoo>



<data noupdate="1">
    <!-- Multi - Company Rules -->



    <!-- Portal Access Rules -->
    <record id="mrp_workorder_rule_portal" model="ir.rule">
        <field name="name">Portal Personal Quotations/Sales Orders</field>
        <field name="model_id" ref="mrp.model_mrp_workorder"/>
        <field name="domain_force">[('message_partner_ids','child_of',[user.commercial_partner_id.id])]</field>
        <field name="groups" eval="[(4, ref('base.group_portal'))]"/>
        <field name="perm_unlink" eval="True"/>
        <field name="perm_write" eval="True"/>
        <field name="perm_read" eval="True"/>
        <field name="perm_create" eval="False"/>
    </record>

 <!--   <record id="mrp_workorder_line_rule_portal" model="ir.rule">
        <field name="name">Portal Sales Orders Line</field>
        <field name="model_id" ref="mrp.model_mrp_workorder_line"/>
        <field name="domain_force">[('order_id.message_partner_ids','child_of',[user.commercial_partner_id.id])]</field>
        <field name="groups" eval="[(4, ref('base.group_portal'))]"/>
    </record>-->

</data>
</odoo>
