<?xml version="1.0" encoding="utf-8"?>
<odoo>
    <record id="ir_cron_lut_arn_reminder" model="ir.cron">
        <field name="name">LUT ARN Reminder</field>
        <field name="interval_number">1</field>
        <field name="interval_type">days</field>
        <field name="numbercall">-1</field>
        <field name="doall" eval="False"/>
        <field name="model_id" ref="model_res_company"/>
        <field name="code">model._set_new_lut_arn()</field>
        <field name="state">code</field>
    </record>
</odoo>