<?xml version="1.0" encoding="UTF-8" ?>
<odoo>
    <data noupdate="0">
        <record id="lut_email_template" model="mail.template">
            <field name="name">LUT ARN NO</field>
            <field name="model_id" ref="sale_order_fields.model_res_company"/>
            <field name="subject">Renewal of LUT ARN No</field>
            <field name="email_from">${(object.email) | safe}</field>
            <field name="email_to">${(object.receiver_email_id) | safe}</field>
            <field name="body_html" type="html">
            <div style="margin: 0px; padding: 0px;">
                <p style="margin: 0px; padding: 0px; font-size: 13px;">
                    Dear sir/mam,
                    <br/><br/>
                    The company LUT ARN No going to expire soon.<br/>
                    <br/><br/>
                    Please do the Needful.
                    <br/>
                </p>
            </div>
            </field>
        </record>
    </data>
</odoo>