<?xml version="1.0" encoding="utf-8"?>
<odoo>
        <record id="paperformat_debit_note" model="report.paperformat">
            <field name="name">Debit Note</field>
            <field name="default" eval="True"/>
            <field name="format">custom</field>
            <field name="page_height">297</field>
            <field name="page_width">210</field>
            <field name="orientation">Portrait</field>
            <field name="margin_top">5</field>
            <field name="margin_bottom">13</field>
            <field name="margin_left">10</field>
            <field name="margin_right">10</field>
            <field name="header_line" eval="False"/>
            <field name="header_spacing">15</field>
            <field name="dpi">90</field>
        </record>
</odoo>