id,name,model_id:id,group_id:id,perm_read,perm_write,perm_create,perm_unlink
access_mrp_indent_store,manufacturing_indent.mrp.indent.stock,model_mrp_indent,stock.group_stock_user,1,1,1,1
access_mrp_indent_line_store,manufacturing_indent.mrp.indent.product.lines.stock,model_mrp_indent_product_lines,stock.group_stock_user,1,1,1,1

access_mrp_indent_mrp,manufacturing_indent.mrp.indent.mrp,model_mrp_indent,mrp.group_mrp_user,1,1,1,1
access_mrp_indent_line_mrp,manufacturing_indent.mrp.indent.product.lines.mrp,model_mrp_indent_product_lines,mrp.group_mrp_user,1,1,1,1

access_stock_scrap_mrp,manufacturing_indent.stock.scrap.mrp,stock.model_stock_scrap,mrp.group_mrp_user,1,1,1,1