<?xml version="1.0" encoding="UTF-8" ?>
<odoo>
    <data noupdate="0">
        <record id="ir_cron_delete_old_cron_job" model="ir.cron">
            <field name="name">Delete Old Logs From AWS</field>
            <field name="model_id" ref="model_res_company"/>
            <field name="state">code</field>
            <field name="code">model.delete_old_log_files()</field>
            <field eval="False" name="active" />
            <field name="user_id" ref="base.user_root" />
            <field name="interval_number">1</field>
            <field name="interval_type">days</field>
            <field name="numbercall">-1</field>
        </record>

        <record id="ir_cron_upload_logs_to_aws" model="ir.cron">
            <field name="name">Upload Logs To AWS</field>
            <field name="model_id" ref="model_res_company"/>
            <field name="state">code</field>
            <field name="code">model.upload_logs_to_aws()</field>
            <field eval="False" name="active" />
            <field name="user_id" ref="base.user_root" />
            <field name="interval_number">1</field>
            <field name="interval_type">days</field>
            <field name="numbercall">-1</field>
        </record>
    </data>
</odoo>